filename,label
100904.wav,clap
101744.wav,clap
101846.wav,clap
102997.wav,clap
105223.wav,clap
105225.wav,clap
105276.wav,clap
105277.wav,clap
110537.wav,clap
110554.wav,clap
112257.wav,clap
112268.wav,clap
112281.wav,clap
112285.wav,clap
115234.wav,clap
117592.wav,clap
118116.wav,clap
118337.wav,clap
119021.wav,clap
119024.wav,clap
119025.wav,clap
119026.wav,clap
119030.wav,clap
119031.wav,clap
119032.wav,clap
119634.wav,clap
120347.wav,clap
120569.wav,clap
123805.wav,clap
124275.wav,clap
125415.wav,clap
130327.wav,clap
130794.wav,clap
131779.wav,clap
135191.wav,clap
139334.wav,clap
139972.wav,clap
146353.wav,clap
147597.wav,clap
148444.wav,clap
148995.wav,clap
148997.wav,clap
151219.wav,clap
151848.wav,clap
15390.wav,clap
154399.wav,clap
15650.wav,clap
160130.wav,clap
160131.wav,clap
160134.wav,clap
160135.wav,clap
160136.wav,clap
160137.wav,clap
160138.wav,clap
160139.wav,clap
160140.wav,clap
160141.wav,clap
160143.wav,clap
160144.wav,clap
160145.wav,clap
160146.wav,clap
160948.wav,clap
161239.wav,clap
161240.wav,clap
161586.wav,clap
161587.wav,clap
161588.wav,clap
164094.wav,clap
164435.wav,clap
164887.wav,clap
164888.wav,clap
165210.wav,clap
166433.wav,clap
166434.wav,clap
166436.wav,clap
166474.wav,clap
167688.wav,clap
169085.wav,clap
169233.wav,clap
170786.wav,clap
17093.wav,clap
17122.wav,clap
174509.wav,clap
175041.wav,clap
175042.wav,clap
175043.wav,clap
175044.wav,clap
175045.wav,clap
175046.wav,clap
175047.wav,clap
175048.wav,clap
175049.wav,clap
175050.wav,clap
175051.wav,clap
175052.wav,clap
175053.wav,clap
175054.wav,clap
175055.wav,clap
175056.wav,clap
175423.wav,clap
175536.wav,clap
179127.wav,clap
180751.wav,clap
180752.wav,clap
180753.wav,clap
180754.wav,clap
180755.wav,clap
180756.wav,clap
180757.wav,clap
180758.wav,clap
180759.wav,clap
180760.wav,clap
180761.wav,clap
180762.wav,clap
180763.wav,clap
180764.wav,clap
180765.wav,clap
180766.wav,clap
180767.wav,clap
180768.wav,clap
180769.wav,clap
180770.wav,clap
180771.wav,clap
180772.wav,clap
180773.wav,clap
180774.wav,clap
180775.wav,clap
180776.wav,clap
180777.wav,clap
180778.wav,clap
180779.wav,clap
180780.wav,clap
180781.wav,clap
180782.wav,clap
180783.wav,clap
180784.wav,clap
180785.wav,clap
180786.wav,clap
180787.wav,clap
180788.wav,clap
180789.wav,clap
180790.wav,clap
180791.wav,clap
180792.wav,clap
180793.wav,clap
180794.wav,clap
180795.wav,clap
180796.wav,clap
184833.wav,clap
185707.wav,clap
187671.wav,clap
187954.wav,clap
187956.wav,clap
187958.wav,clap
187959.wav,clap
187960.wav,clap
187961.wav,clap
187963.wav,clap
187966.wav,clap
187967.wav,clap
187968.wav,clap
187969.wav,clap
187970.wav,clap
187971.wav,clap
187972.wav,clap
188864.wav,clap
189182.wav,clap
189189.wav,clap
190575.wav,clap
190643.wav,clap
190696.wav,clap
190802.wav,clap
191628.wav,clap
191999.wav,clap
192002.wav,clap
1921.wav,clap
1922.wav,clap
192229.wav,clap
1923.wav,clap
192336.wav,clap
192337.wav,clap
1924.wav,clap
1925.wav,clap
194260.wav,clap
194261.wav,clap
194262.wav,clap
194263.wav,clap
194264.wav,clap
194265.wav,clap
194266.wav,clap
194267.wav,clap
194268.wav,clap
194269.wav,clap
194270.wav,clap
194271.wav,clap
194460.wav,clap
194464.wav,clap
194814.wav,clap
195346.wav,clap
195411.wav,clap
195476.wav,clap
195477.wav,clap
196559.wav,clap
196645.wav,clap
198034.wav,clap
200809.wav,clap
201203.wav,clap
201655.wav,clap
202158.wav,clap
202498.wav,clap
20738.wav,clap
2080.wav,clap
2081.wav,clap
2083.wav,clap
208875.wav,clap
209792.wav,clap
209989.wav,clap
209990.wav,clap
210802.wav,clap
21179.wav,clap
21180.wav,clap
21181.wav,clap
21182.wav,clap
21183.wav,clap
212464.wav,clap
213055.wav,clap
213056.wav,clap
21312.wav,clap
213919.wav,clap
214989.wav,clap
216659.wav,clap
219169.wav,clap
219605.wav,clap
220836.wav,clap
221950.wav,clap
223272.wav,clap
22786.wav,clap
22807.wav,clap
228362.wav,clap
228363.wav,clap
228365.wav,clap
231890.wav,clap
231891.wav,clap
231892.wav,clap
231893.wav,clap
231894.wav,clap
231895.wav,clap
231896.wav,clap
231897.wav,clap
233582.wav,clap
235759.wav,clap
237588.wav,clap
238649.wav,clap
239906.wav,clap
240112.wav,clap
240186.wav,clap
241247.wav,clap
243506.wav,clap
243642.wav,clap
243647.wav,clap
243648.wav,clap
243799.wav,clap
243946.wav,clap
243948.wav,clap
244291.wav,clap
244500.wav,clap
244568.wav,clap
245639.wav,clap
251931.wav,clap
25310.wav,clap
255540.wav,clap
255855.wav,clap
255856.wav,clap
256582.wav,clap
257793.wav,clap
259143.wav,clap
259164.wav,clap
260802.wav,clap
261617.wav,clap
262659.wav,clap
262660.wav,clap
262957.wav,clap
262978.wav,clap
264377.wav,clap
26552.wav,clap
26554.wav,clap
26557.wav,clap
265604.wav,clap
266081.wav,clap
266184.wav,clap
266185.wav,clap
266186.wav,clap
266766.wav,clap
267930.wav,clap
268103.wav,clap
269381.wav,clap
277411.wav,clap
2780.wav,clap
28222.wav,clap
28224.wav,clap
28225.wav,clap
28226.wav,clap
28227.wav,clap
28228.wav,clap
28229.wav,clap
28230.wav,clap
28232.wav,clap
28233.wav,clap
29798.wav,clap
29799.wav,clap
31650.wav,clap
316875.wav,clap
320273.wav,clap
320274.wav,clap
320277.wav,clap
320278.wav,clap
321578.wav,clap
323482.wav,clap
326366.wav,clap
326373.wav,clap
327391.wav,clap
32764.wav,clap
330296.wav,clap
330941.wav,clap
333775.wav,clap
33562.wav,clap
33563.wav,clap
33564.wav,clap
337721.wav,clap
338182.wav,clap
338905.wav,clap
33941.wav,clap
339864.wav,clap
340173.wav,clap
340356.wav,clap
340357.wav,clap
340361.wav,clap
340362.wav,clap
341593.wav,clap
342658.wav,clap
34330.wav,clap
343407.wav,clap
34395.wav,clap
344962.wav,clap
345042.wav,clap
345258.wav,clap
345325.wav,clap
347033.wav,clap
347034.wav,clap
347231.wav,clap
348257.wav,clap
348308.wav,clap
349695.wav,clap
349893.wav,clap
349896.wav,clap
35037.wav,clap
350714.wav,clap
351626.wav,clap
351993.wav,clap
351994.wav,clap
351995.wav,clap
351996.wav,clap
353320.wav,clap
354056.wav,clap
35489.wav,clap
360620.wav,clap
361032.wav,clap
361601.wav,clap
361672.wav,clap
361706.wav,clap
361708.wav,clap
361710.wav,clap
361712.wav,clap
361713.wav,clap
361714.wav,clap
361715.wav,clap
361717.wav,clap
361719.wav,clap
361721.wav,clap
361724.wav,clap
361725.wav,clap
361729.wav,clap
361730.wav,clap
361732.wav,clap
361733.wav,clap
361734.wav,clap
361735.wav,clap
361736.wav,clap
361738.wav,clap
361740.wav,clap
362954.wav,clap
365132.wav,clap
365616.wav,clap
366328.wav,clap
366773.wav,clap
368455.wav,clap
369419.wav,clap
369525.wav,clap
371339.wav,clap
371562.wav,clap
371602.wav,clap
371624.wav,clap
371625.wav,clap
371633.wav,clap
371657.wav,clap
376006.wav,clap
377390.wav,clap
377395.wav,clap
377399.wav,clap
377779.wav,clap
377780.wav,clap
377781.wav,clap
377782.wav,clap
377783.wav,clap
377784.wav,clap
382474.wav,clap
383201.wav,clap
384141.wav,clap
384155.wav,clap
386763.wav,clap
386764.wav,clap
386902.wav,clap
387749.wav,clap
387753.wav,clap
387756.wav,clap
388042.wav,clap
388274.wav,clap
388423.wav,clap
388543.wav,clap
388544.wav,clap
389990.wav,clap
391282.wav,clap
391290.wav,clap
393469.wav,clap
393571.wav,clap
394351.wav,clap
394768.wav,clap
395414.wav,clap
396977.wav,clap
397010.wav,clap
397034.wav,clap
399666.wav,clap
400586.wav,clap
400587.wav,clap
400589.wav,clap
400590.wav,clap
403057.wav,clap
403356.wav,clap
404286.wav,clap
404288.wav,clap
404539.wav,clap
404540.wav,clap
404541.wav,clap
404542.wav,clap
404543.wav,clap
404544.wav,clap
404545.wav,clap
404546.wav,clap
404547.wav,clap
404548.wav,clap
404549.wav,clap
404550.wav,clap
404551.wav,clap
404552.wav,clap
404553.wav,clap
404554.wav,clap
404555.wav,clap
406839.wav,clap
40719.wav,clap
407691.wav,clap
408417.wav,clap
408601.wav,clap
409614.wav,clap
410866.wav,clap
410868.wav,clap
410888.wav,clap
411021.wav,clap
411042.wav,clap
411059.wav,clap
411538.wav,clap
412039.wav,clap
412157.wav,clap
412162.wav,clap
414292.wav,clap
414985.wav,clap
417554.wav,clap
417594.wav,clap
42392.wav,clap
424768.wav,clap
425663.wav,clap
425909.wav,clap
426680.wav,clap
426761.wav,clap
427130.wav,clap
428377.wav,clap
428892.wav,clap
429149.wav,clap
429422.wav,clap
429919.wav,clap
430046.wav,clap
430716.wav,clap
430816.wav,clap
432910.wav,clap
433880.wav,clap
43806.wav,clap
46077.wav,clap
46390.wav,clap
47338.wav,clap
47339.wav,clap
50291.wav,clap
50293.wav,clap
52321.wav,clap
52322.wav,clap
56384.wav,clap
56385.wav,clap
57587.wav,clap
57731.wav,clap
58778.wav,clap
60162.wav,clap
60164.wav,clap
61288.wav,clap
63342.wav,clap
63530.wav,clap
68698.wav,clap
68727.wav,clap
72577.wav,clap
72578.wav,clap
72836.wav,clap
72837.wav,clap
72838.wav,clap
72840.wav,clap
72843.wav,clap
72844.wav,clap
72846.wav,clap
73083.wav,clap
73084.wav,clap
73086.wav,clap
73087.wav,clap
73088.wav,clap
73089.wav,clap
75374.wav,clap
76779.wav,clap
7765.wav,clap
78435.wav,clap
79260.wav,clap
80398.wav,clap
81202.wav,clap
83509.wav,clap
84387.wav,clap
84720.wav,clap
88707.wav,clap
88708.wav,clap
88709.wav,clap
88710.wav,clap
88711.wav,clap
88712.wav,clap
88713.wav,clap
89285.wav,clap
91690.wav,clap
94036.wav,clap
95361.wav,clap
98936.wav,clap
99026.wav,clap
99633.wav,clap
99634.wav,clap
99635.wav,clap
1001.wav,no clap
100884.wav,no clap
100895.wav,no clap
101732.wav,no clap
101797.wav,no clap
101807.wav,no clap
101809.wav,no clap
101843.wav,no clap
101881.wav,no clap
102308.wav,no clap
102964.wav,no clap
102993.wav,no clap
102997.wav,no clap
103029.wav,no clap
103031.wav,no clap
103033.wav,no clap
103355.wav,no clap
103650.wav,no clap
1044.wav,no clap
105245.wav,no clap
105380.wav,no clap
105381.wav,no clap
106269.wav,no clap
107054.wav,no clap
107055.wav,no clap
108017.wav,no clap
108056.wav,no clap
108417.wav,no clap
108449.wav,no clap
108617.wav,no clap
108922.wav,no clap
109080.wav,no clap
109102.wav,no clap
109483.wav,no clap
109822.wav,no clap
110103.wav,no clap
110582.wav,no clap
112354.wav,no clap
112579.wav,no clap
113648.wav,no clap
113785.wav,no clap
114026.wav,no clap
114582.wav,no clap
115073.wav,no clap
115074.wav,no clap
115084.wav,no clap
115130.wav,no clap
116166.wav,no clap
116796.wav,no clap
117090.wav,no clap
117117.wav,no clap
117244.wav,no clap
117617.wav,no clap
117648.wav,no clap
117654.wav,no clap
118078.wav,no clap
118808.wav,no clap
118809.wav,no clap
119032.wav,no clap
119086.wav,no clap
119112.wav,no clap
119836.wav,no clap
119848.wav,no clap
119850.wav,no clap
120597.wav,no clap
121801.wav,no clap
122814.wav,no clap
124395.wav,no clap
125166.wav,no clap
125379.wav,no clap
125385.wav,no clap
126543.wav,no clap
127800.wav,no clap
130875.wav,no clap
131264.wav,no clap
131265.wav,no clap
131266.wav,no clap
131267.wav,no clap
131350.wav,no clap
134843.wav,no clap
134904.wav,no clap
13498.wav,no clap
13509.wav,no clap
13594.wav,no clap
136052.wav,no clap
136458.wav,no clap
137708.wav,no clap
137734.wav,no clap
140055.wav,no clap
141123.wav,no clap
141188.wav,no clap
141191.wav,no clap
142326.wav,no clap
142592.wav,no clap
144183.wav,no clap
144904.wav,no clap
144909.wav,no clap
145364.wav,no clap
146434.wav,no clap
146873.wav,no clap
147036.wav,no clap
147543.wav,no clap
148092.wav,no clap
149258.wav,no clap
149818.wav,no clap
151205.wav,no clap
152954.wav,no clap
152992.wav,no clap
154477.wav,no clap
15473.wav,no clap
154840.wav,no clap
155650.wav,no clap
155799.wav,no clap
156946.wav,no clap
157770.wav,no clap
157835.wav,no clap
15902.wav,no clap
159455.wav,no clap
159456.wav,no clap
159772.wav,no clap
160362.wav,no clap
161268.wav,no clap
161326.wav,no clap
163289.wav,no clap
16397.wav,no clap
164094.wav,no clap
164341.wav,no clap
16445.wav,no clap
16451.wav,no clap
165326.wav,no clap
165330.wav,no clap
165617.wav,no clap
165618.wav,no clap
166934.wav,no clap
167218.wav,no clap
167832.wav,no clap
168030.wav,no clap
168153.wav,no clap
169217.wav,no clap
169224.wav,no clap
169693.wav,no clap
169788.wav,no clap
169928.wav,no clap
170107.wav,no clap
170449.wav,no clap
170960.wav,no clap
17140.wav,no clap
171455.wav,no clap
17146.wav,no clap
17148.wav,no clap
172081.wav,no clap
172361.wav,no clap
172364.wav,no clap
172378.wav,no clap
172743.wav,no clap
173393.wav,no clap
173440.wav,no clap
173918.wav,no clap
173933.wav,no clap
173935.wav,no clap
173939.wav,no clap
17414.wav,no clap
17417.wav,no clap
175142.wav,no clap
176132.wav,no clap
176338.wav,no clap
179339.wav,no clap
179352.wav,no clap
179661.wav,no clap
179928.wav,no clap
180174.wav,no clap
180532.wav,no clap
180738.wav,no clap
181171.wav,no clap
181363.wav,no clap
18149.wav,no clap
181679.wav,no clap
181908.wav,no clap
181937.wav,no clap
18270.wav,no clap
18271.wav,no clap
18272.wav,no clap
182732.wav,no clap
182853.wav,no clap
183093.wav,no clap
18339.wav,no clap
18442.wav,no clap
18443.wav,no clap
18448.wav,no clap
185022.wav,no clap
185057.wav,no clap
186401.wav,no clap
186473.wav,no clap
186698.wav,no clap
186974.wav,no clap
187281.wav,no clap
187299.wav,no clap
187365.wav,no clap
188042.wav,no clap
188058.wav,no clap
18881.wav,no clap
189567.wav,no clap
189595.wav,no clap
189620.wav,no clap
189843.wav,no clap
191088.wav,no clap
191731.wav,no clap
192171.wav,no clap
192172.wav,no clap
192646.wav,no clap
192647.wav,no clap
193674.wav,no clap
193675.wav,no clap
193747.wav,no clap
194252.wav,no clap
19479.wav,no clap
194944.wav,no clap
194978.wav,no clap
195146.wav,no clap
196563.wav,no clap
196653.wav,no clap
197450.wav,no clap
198463.wav,no clap
198989.wav,no clap
199889.wav,no clap
199925.wav,no clap
199931.wav,no clap
201161.wav,no clap
201262.wav,no clap
201268.wav,no clap
201278.wav,no clap
201899.wav,no clap
201914.wav,no clap
203977.wav,no clap
203991.wav,no clap
204196.wav,no clap
204604.wav,no clap
205012.wav,no clap
205826.wav,no clap
206153.wav,no clap
207125.wav,no clap
20842.wav,no clap
209523.wav,no clap
209619.wav,no clap
209661.wav,no clap
209964.wav,no clap
209965.wav,no clap
210320.wav,no clap
211191.wav,no clap
21130.wav,no clap
211565.wav,no clap
211623.wav,no clap
211628.wav,no clap
211872.wav,no clap
21314.wav,no clap
213202.wav,no clap
213259.wav,no clap
214359.wav,no clap
216496.wav,no clap
216497.wav,no clap
216499.wav,no clap
216500.wav,no clap
216503.wav,no clap
216660.wav,no clap
217740.wav,no clap
218200.wav,no clap
218411.wav,no clap
218836.wav,no clap
218842.wav,no clap
219289.wav,no clap
220717.wav,no clap
220835.wav,no clap
221471.wav,no clap
22226.wav,no clap
223272.wav,no clap
223273.wav,no clap
22329.wav,no clap
223412.wav,no clap
223457.wav,no clap
223610.wav,no clap
22694.wav,no clap
22848.wav,no clap
230362.wav,no clap
231959.wav,no clap
232107.wav,no clap
233049.wav,no clap
233065.wav,no clap
233258.wav,no clap
233261.wav,no clap
234044.wav,no clap
23447.wav,no clap
234858.wav,no clap
234867.wav,no clap
235524.wav,no clap
235586.wav,no clap
235617.wav,no clap
235675.wav,no clap
237063.wav,no clap
237066.wav,no clap
238198.wav,no clap
238209.wav,no clap
238218.wav,no clap
239567.wav,no clap
240186.wav,no clap
240265.wav,no clap
241879.wav,no clap
24220.wav,no clap
242498.wav,no clap
243654.wav,no clap
244245.wav,no clap
244282.wav,no clap
244456.wav,no clap
246060.wav,no clap
248039.wav,no clap
249715.wav,no clap
250380.wav,no clap
251290.wav,no clap
251489.wav,no clap
251496.wav,no clap
252043.wav,no clap
252653.wav,no clap
252712.wav,no clap
25276.wav,no clap
25278.wav,no clap
25301.wav,no clap
25315.wav,no clap
25324.wav,no clap
253636.wav,no clap
255855.wav,no clap
25648.wav,no clap
256564.wav,no clap
256567.wav,no clap
256569.wav,no clap
256679.wav,no clap
256994.wav,no clap
257360.wav,no clap
257413.wav,no clap
257434.wav,no clap
257439.wav,no clap
257649.wav,no clap
257858.wav,no clap
258256.wav,no clap
25936.wav,no clap
259512.wav,no clap
259886.wav,no clap
260710.wav,no clap
260718.wav,no clap
260919.wav,no clap
260933.wav,no clap
260983.wav,no clap
261403.wav,no clap
262459.wav,no clap
262605.wav,no clap
263042.wav,no clap
263048.wav,no clap
263052.wav,no clap
263078.wav,no clap
263082.wav,no clap
263455.wav,no clap
263992.wav,no clap
265076.wav,no clap
265110.wav,no clap
265290.wav,no clap
266191.wav,no clap
267447.wav,no clap
26766.wav,no clap
268870.wav,no clap
269338.wav,no clap
27071.wav,no clap
27133.wav,no clap
27136.wav,no clap
27148.wav,no clap
271654.wav,no clap
272114.wav,no clap
272174.wav,no clap
273450.wav,no clap
274103.wav,no clap
275103.wav,no clap
275580.wav,no clap
276469.wav,no clap
276577.wav,no clap
277382.wav,no clap
28165.wav,no clap
29544.wav,no clap
315839.wav,no clap
316778.wav,no clap
316797.wav,no clap
316869.wav,no clap
317012.wav,no clap
317680.wav,no clap
319612.wav,no clap
320167.wav,no clap
320626.wav,no clap
321465.wav,no clap
321578.wav,no clap
321741.wav,no clap
321742.wav,no clap
321753.wav,no clap
321785.wav,no clap
324108.wav,no clap
325185.wav,no clap
325230.wav,no clap
325453.wav,no clap
325532.wav,no clap
325656.wav,no clap
325669.wav,no clap
325701.wav,no clap
325716.wav,no clap
32575.wav,no clap
326921.wav,no clap
327395.wav,no clap
327433.wav,no clap
327539.wav,no clap
327683.wav,no clap
327756.wav,no clap
327917.wav,no clap
327918.wav,no clap
327989.wav,no clap
328052.wav,no clap
328130.wav,no clap
328425.wav,no clap
328842.wav,no clap
330035.wav,no clap
330044.wav,no clap
330854.wav,no clap
330856.wav,no clap
330958.wav,no clap
330961.wav,no clap
331130.wav,no clap
331241.wav,no clap
332516.wav,no clap
332603.wav,no clap
333256.wav,no clap
334985.wav,no clap
334992.wav,no clap
335026.wav,no clap
335027.wav,no clap
336059.wav,no clap
337081.wav,no clap
337723.wav,no clap
338332.wav,no clap
33835.wav,no clap
339437.wav,no clap
339932.wav,no clap
340048.wav,no clap
340061.wav,no clap
340154.wav,no clap
340901.wav,no clap
340919.wav,no clap
341569.wav,no clap
341652.wav,no clap
341805.wav,no clap
342409.wav,no clap
342587.wav,no clap
34395.wav,no clap
344396.wav,no clap
344597.wav,no clap
344602.wav,no clap
345138.wav,no clap
345155.wav,no clap
34544.wav,no clap
34545.wav,no clap
345567.wav,no clap
34585.wav,no clap
345861.wav,no clap
345866.wav,no clap
346220.wav,no clap
346869.wav,no clap
347362.wav,no clap
347365.wav,no clap
347537.wav,no clap
348134.wav,no clap
348135.wav,no clap
348323.wav,no clap
348324.wav,no clap
348509.wav,no clap
349387.wav,no clap
349702.wav,no clap
349703.wav,no clap
350373.wav,no clap
350745.wav,no clap
351062.wav,no clap
35220.wav,no clap
352603.wav,no clap
352632.wav,no clap
352715.wav,no clap
353064.wav,no clap
353185.wav,no clap
353380.wav,no clap
355063.wav,no clap
35964.wav,no clap
36034.wav,no clap
360460.wav,no clap
360462.wav,no clap
361172.wav,no clap
361896.wav,no clap
362333.wav,no clap
362503.wav,no clap
364124.wav,no clap
364334.wav,no clap
364638.wav,no clap
364793.wav,no clap
364972.wav,no clap
365050.wav,no clap
365563.wav,no clap
365577.wav,no clap
365710.wav,no clap
365849.wav,no clap
365986.wav,no clap
366027.wav,no clap
366083.wav,no clap
366149.wav,no clap
366167.wav,no clap
366229.wav,no clap
366319.wav,no clap
366579.wav,no clap
366593.wav,no clap
366813.wav,no clap
366859.wav,no clap
366893.wav,no clap
367078.wav,no clap
367836.wav,no clap
368784.wav,no clap
369295.wav,no clap
369297.wav,no clap
369549.wav,no clap
369557.wav,no clap
369598.wav,no clap
369904.wav,no clap
369913.wav,no clap
370814.wav,no clap
370881.wav,no clap
371355.wav,no clap
371360.wav,no clap
371897.wav,no clap
37245.wav,no clap
377889.wav,no clap
378689.wav,no clap
380074.wav,no clap
380627.wav,no clap
380634.wav,no clap
380636.wav,no clap
38069.wav,no clap
38074.wav,no clap
38105.wav,no clap
381295.wav,no clap
382572.wav,no clap
382589.wav,no clap
383063.wav,no clap
383335.wav,no clap
383451.wav,no clap
383781.wav,no clap
383782.wav,no clap
383783.wav,no clap
383866.wav,no clap
384100.wav,no clap
38486.wav,no clap
385853.wav,no clap
38615.wav,no clap
386717.wav,no clap
386718.wav,no clap
386763.wav,no clap
386764.wav,no clap
387082.wav,no clap
38709.wav,no clap
387219.wav,no clap
387833.wav,no clap
388294.wav,no clap
388526.wav,no clap
38873.wav,no clap
388772.wav,no clap
389518.wav,no clap
389638.wav,no clap
389995.wav,no clap
390172.wav,no clap
390175.wav,no clap
390241.wav,no clap
390242.wav,no clap
390297.wav,no clap
390317.wav,no clap
390473.wav,no clap
391284.wav,no clap
392115.wav,no clap
392839.wav,no clap
392852.wav,no clap
393498.wav,no clap
393501.wav,no clap
393503.wav,no clap
393733.wav,no clap
394840.wav,no clap
395123.wav,no clap
395314.wav,no clap
395396.wav,no clap
395626.wav,no clap
396473.wav,no clap
396984.wav,no clap
396993.wav,no clap
398418.wav,no clap
399830.wav,no clap
401302.wav,no clap
401305.wav,no clap
401334.wav,no clap
401940.wav,no clap
402316.wav,no clap
402452.wav,no clap
402614.wav,no clap
403512.wav,no clap
403578.wav,no clap
403881.wav,no clap
403889.wav,no clap
403890.wav,no clap
404387.wav,no clap
404398.wav,no clap
404401.wav,no clap
404408.wav,no clap
404442.wav,no clap
405206.wav,no clap
405210.wav,no clap
406090.wav,no clap
40612.wav,no clap
406587.wav,no clap
406995.wav,no clap
407354.wav,no clap
407363.wav,no clap
407509.wav,no clap
407702.wav,no clap
408086.wav,no clap
408100.wav,no clap
408107.wav,no clap
408209.wav,no clap
408380.wav,no clap
408391.wav,no clap
408449.wav,no clap
408499.wav,no clap
408612.wav,no clap
408746.wav,no clap
408819.wav,no clap
408838.wav,no clap
408888.wav,no clap
408967.wav,no clap
408992.wav,no clap
409102.wav,no clap
409254.wav,no clap
40953.wav,no clap
410145.wav,no clap
410241.wav,no clap
410964.wav,no clap
410984.wav,no clap
410990.wav,no clap
410995.wav,no clap
411026.wav,no clap
411451.wav,no clap
411743.wav,no clap
412556.wav,no clap
412769.wav,no clap
413211.wav,no clap
41325.wav,no clap
414357.wav,no clap
414358.wav,no clap
41461.wav,no clap
415026.wav,no clap
415995.wav,no clap
416960.wav,no clap
417331.wav,no clap
417515.wav,no clap
417817.wav,no clap
417823.wav,no clap
418041.wav,no clap
419161.wav,no clap
419417.wav,no clap
419437.wav,no clap
420212.wav,no clap
420679.wav,no clap
420763.wav,no clap
421832.wav,no clap
422137.wav,no clap
422144.wav,no clap
422145.wav,no clap
422161.wav,no clap
422263.wav,no clap
424618.wav,no clap
424777.wav,no clap
424786.wav,no clap
425043.wav,no clap
425663.wav,no clap
425680.wav,no clap
425777.wav,no clap
425790.wav,no clap
427152.wav,no clap
427683.wav,no clap
428400.wav,no clap
429284.wav,no clap
429494.wav,no clap
430814.wav,no clap
430993.wav,no clap
432642.wav,no clap
433537.wav,no clap
434132.wav,no clap
43481.wav,no clap
44469.wav,no clap
44791.wav,no clap
45822.wav,no clap
45824.wav,no clap
45907.wav,no clap
47339.wav,no clap
47874.wav,no clap
48052.wav,no clap
48716.wav,no clap
50243.wav,no clap
50275.wav,no clap
50276.wav,no clap
50277.wav,no clap
50389.wav,no clap
51390.wav,no clap
51393.wav,no clap
52158.wav,no clap
52224.wav,no clap
52323.wav,no clap
54040.wav,no clap
54994.wav,no clap
56759.wav,no clap
57181.wav,no clap
57769.wav,no clap
57770.wav,no clap
58460.wav,no clap
59596.wav,no clap
60155.wav,no clap
60163.wav,no clap
60167.wav,no clap
60898.wav,no clap
61503.wav,no clap
61504.wav,no clap
62025.wav,no clap
62262.wav,no clap
62460.wav,no clap
62478.wav,no clap
62516.wav,no clap
62522.wav,no clap
62591.wav,no clap
62600.wav,no clap
64452.wav,no clap
65195.wav,no clap
65197.wav,no clap
65198.wav,no clap
65283.wav,no clap
65306.wav,no clap
67304.wav,no clap
67305.wav,no clap
68272.wav,no clap
68280.wav,no clap
68382.wav,no clap
69342.wav,no clap
71136.wav,no clap
76589.wav,no clap
76590.wav,no clap
76736.wav,no clap
77926.wav,no clap
78369.wav,no clap
78396.wav,no clap
78520.wav,no clap
78959.wav,no clap
79733.wav,no clap
81535.wav,no clap
82443.wav,no clap
82562.wav,no clap
82656.wav,no clap
83640.wav,no clap
83643.wav,no clap
84275.wav,no clap
84359.wav,no clap
84941.wav,no clap
85292.wav,no clap
85691.wav,no clap
85770.wav,no clap
86028.wav,no clap
86568.wav,no clap
87659.wav,no clap
87688.wav,no clap
87712.wav,no clap
87713.wav,no clap
87717.wav,no clap
89404.wav,no clap
89494.wav,no clap
90732.wav,no clap
91557.wav,no clap
93031.wav,no clap
93052.wav,no clap
94645.wav,no clap
94648.wav,no clap
94671.wav,no clap
96073.wav,no clap
96832.wav,no clap
98705.wav,no clap
98843.wav,no clap
98850.wav,no clap
9923.wav,no clap
